{"cameraMode":{"drawMode":0,"name":"Shaded","section":"Shading Mode"},"sceneLighting":true,"audioPlay":false,"sceneViewState":{"showFog":true,"showMaterialUpdate":false,"showSkybox":true,"showFlares":true,"showImageEffects":true,"showParticleSystems":true},"in2DMode":false,"pivot":{"x":0.12485551834106446,"y":-0.526024341583252,"z":-0.11731672286987305},"rotation":{"x":-0.23587684333324433,"y":-0.19747960567474366,"z":0.049019668251276019,"w":-0.9502454996109009},"size":8.548827171325684,"orthographic":false}